flight_id,callsign,origin,destination,aircraft_type,eobt
1,VJC5977,VVCR,VVTS,A330,00:03
2,SIA9257,VVTH,VVTS,A320,00:04
3,QTR488,VVTS,VTBS,A330,00:07
4,SIA1108,VVPQ,VVTS,A320,00:08
5,BBA1212,VHHH,VVTS,A330,00:09
6,SIA7823,RKSI,VVTS,A321,00:11
7,CPA811,VVTS,VTBS,A321,00:11
8,SIA6968,WSSS,VVTS,B789,00:12
9,CPA5725,VVPQ,VVTS,A320,00:16
10,HVN535,WSSS,VVTS,A359,00:17
11,QTR9966,RKSI,VVTS,A320,00:20
12,BBA1370,VVTS,VHHH,A359,00:21
13,QTR1327,VVTS,VVCR,B777,00:26
14,KAL3028,VVTS,VHHH,B789,00:26
15,KAL5814,RKSI,VVTS,A321,00:27
16,QTR3099,VVTS,VTBS,A320,00:28
17,QTR7199,WMKK,VVTS,A321,00:28
18,VJC3424,VVTS,VVDL,B737,00:28
19,QTR4133,VTBS,VVTS,B737,00:28
20,QTR1393,VVTS,VHHH,A321,00:30
21,HVN2847,VVCR,VVTS,A320,00:31
22,VJC1549,VVTS,RKSI,B789,00:32
23,BBA2088,RPLL,VVTS,A330,00:32
24,SIA864,VVDL,VVTS,A359,00:32
25,HVN2780,VVPQ,VVTS,A359,00:34
26,BBA3315,VVTH,VVTS,B777,00:37
27,SIA1846,WSSS,VVTS,A359,00:37
28,HVN9878,VVNB,VVTS,B777,00:42
29,SIA6575,VVBM,VVTS,A330,00:42
30,HVN3832,VVTS,VHHH,A320,00:46
31,HVN1985,VVTS,WMKK,A359,00:47
32,CPA460,VVTS,VVNB,B737,00:51
33,BBA105,VVTS,VHHH,B789,00:53
34,QTR3543,VVTS,VVDL,A321,00:54
35,SIA4525,VVBM,VVTS,A321,00:54
36,CPA196,VVTS,VVTH,A321,00:57
37,BBA4447,VVDN,VVTS,B777,00:58
38,VAG6508,VVDN,VVTS,A359,01:01
39,HVN2580,VVTS,RKSI,A321,01:01
40,VJC3947,VVNB,VVTS,B789,01:01
41,QTR2838,VVTS,VVTH,A330,01:02
42,VAG5167,VVPQ,VVTS,A359,01:03
43,SIA362,VVTS,VVNB,A330,01:04
44,VJC5685,RKSI,VVTS,A321,01:06
45,HVN3883,VVTS,WSSS,B777,01:06
46,QTR3967,VVTS,VVCR,A321,01:07
47,CPA6951,VVBM,VVTS,A321,01:09
48,QTR6388,VTBS,VVTS,A330,01:09
49,BBA414,VVTS,VHHH,B777,01:13
50,SIA3813,VVTS,VVDL,A359,01:14
51,HVN7035,VVNB,VVTS,A359,01:17
52,VAG272,VVTS,VVCI,A330,01:18
53,VAG1148,VVTS,VVCR,A321,01:19
54,VJC1352,VVTS,VVBM,A321,01:24
55,QTR2372,VVTS,VVCI,A321,01:24
56,CPA3360,VVTS,VTBS,B737,01:25
57,VAG9961,RKSI,VVTS,A321,01:28
58,CPA3267,VVTS,VHHH,B777,01:30
59,QTR8474,VVTH,VVTS,A330,01:31
60,HVN1474,VTBS,VVTS,A320,01:32
61,KAL7729,VVBM,VVTS,B737,01:34
62,BBA8571,VVPQ,VVTS,A321,01:34
63,VAG2463,RKSI,VVTS,B777,01:36
64,VJC2554,VVTS,VVCR,B789,01:37
65,KAL3713,VVTS,RPLL,A330,01:40
66,KAL9904,VVCR,VVTS,A321,01:41
67,KAL1277,VVTS,VVDL,A321,01:43
68,CPA2857,WSSS,VVTS,A321,01:45
69,VJC4862,RKSI,VVTS,A321,01:45
70,CPA4810,VHHH,VVTS,A321,01:51
71,KAL5011,RPLL,VVTS,A320,01:51
72,BBA1957,VVTS,VVDL,A321,01:51
73,KAL9568,VVDN,VVTS,B777,01:52
74,VAG135,VVTS,VVCI,A330,01:52
75,QTR2031,VVTS,VTBS,A321,01:54
76,VJC5495,VVTH,VVTS,A321,01:54
77,VAG2703,VVTS,VVCR,A330,01:59
78,QTR9052,VVDN,VVTS,B789,01:59
79,VJC8176,RPLL,VVTS,A330,02:00
80,BBA7171,RKSI,VVTS,A321,02:05
81,KAL3559,VVTS,VVCR,A320,02:05
82,KAL3114,VVTS,RKSI,A321,02:05
83,CPA1366,VVTS,WSSS,B777,02:05
84,VAG1538,RPLL,VVTS,A321,02:06
85,QTR1135,VVTS,VVCR,A320,02:09
86,CPA9670,VVPQ,VVTS,A320,02:10
87,SIA1314,VVTS,VVDL,A359,02:12
88,HVN1375,VVTS,RKSI,A321,02:15
89,HVN302,VVTS,VVNB,B777,02:17
90,VJC1296,VVTS,VVTH,A321,02:19
91,SIA551,VVCI,VVTS,A359,02:20
92,VJC2447,VVTS,VVTH,B789,02:20
93,VJC1295,RPLL,VVTS,B789,02:20
94,BBA3293,VVTS,VTBS,B737,02:22
95,CPA2208,VVTS,VVBM,B737,02:24
96,HVN1687,VVDL,VVTS,B737,02:25
97,VAG6389,VVBM,VVTS,A321,02:26
98,SIA1263,RPLL,VVTS,B737,02:28
99,HVN1073,VVTS,VTBS,B789,02:28
100,BBA3696,VVTS,VHHH,B737,02:36
101,HVN1359,VVTS,VTBS,A320,02:36
102,BBA5510,WSSS,VVTS,B737,02:36
103,SIA8207,VVNB,VVTS,A330,02:44
104,CPA423,VVTS,VHHH,A321,02:44
105,BBA9034,VHHH,VVTS,A321,02:44
106,VAG3805,VTBS,VVTS,B777,02:45
107,HVN1909,VVDL,VVTS,B789,02:47
108,VAG3993,VVTS,VVPQ,B777,02:47
109,HVN3239,VVTS,WSSS,A359,02:48
110,VJC6051,WMKK,VVTS,A330,02:49
111,HVN148,VVTS,VTBS,B789,02:50
112,VJC3053,VVTH,VVTS,A320,02:50
113,QTR593,VVDN,VVTS,A321,02:52
114,VAG8173,RPLL,VVTS,A359,03:00
115,CPA1352,VVTS,VVBM,B789,03:03
116,QTR1293,VVTS,RPLL,B789,03:04
117,KAL559,VVTS,VVDL,A320,03:04
118,VAG2024,VVTS,WMKK,A321,03:05
119,HVN9662,RPLL,VVTS,A321,03:06
120,CPA355,VVTS,WMKK,A321,03:10
121,QTR9161,VVDL,VVTS,A330,03:10
122,CPA2801,VVTS,RKSI,A320,03:10
123,QTR334,WSSS,VVTS,B777,03:11
124,CPA498,VVTS,VVNB,A320,03:13
125,SIA861,VVCR,VVTS,A359,03:13
126,VJC1737,VVTS,RPLL,B789,03:18
127,SIA690,VVTS,VVCR,A321,03:20
128,CPA8195,VVCI,VVTS,B737,03:21
129,BBA2671,VVTS,VVTH,A330,03:22
130,CPA2155,VVTS,RPLL,A359,03:24
131,CPA8392,RKSI,VVTS,A359,03:25
132,QTR3950,WMKK,VVTS,A321,03:26
133,QTR3586,VVTS,RPLL,B777,03:30
134,BBA2342,VVTH,VVTS,A330,03:36
135,VJC2658,VVTS,VVDL,B737,03:37
136,BBA8672,VHHH,VVTS,B777,03:38
137,BBA3902,WSSS,VVTS,B789,03:39
138,CPA2684,VVTS,VVDL,A321,03:39
139,KAL8315,VVDN,VVTS,A321,03:39
140,HVN1544,WMKK,VVTS,A359,03:40
141,SIA7226,VVCR,VVTS,A330,03:41
142,HVN2370,VVTS,VVDN,A330,03:42
143,VAG2903,VVTS,VVCI,B777,03:42
144,CPA2214,VVTS,RKSI,A359,03:43
145,HVN6979,VTBS,VVTS,A330,03:46
146,BBA3506,VVTS,VVCR,A321,03:48
147,SIA1247,VVTS,VVNB,A330,03:49
148,KAL4637,RKSI,VVTS,A359,03:51
149,KAL356,VVTS,VVDL,A359,03:54
150,VJC172,VVTS,VVBM,A359,03:54
151,VAG797,VVTS,RPLL,A321,03:54
152,SIA1443,VVCR,VVTS,B789,03:55
153,CPA1285,RPLL,VVTS,B789,03:56
154,BBA5308,WSSS,VVTS,B789,04:02
155,HVN3160,VVTS,VVTH,B737,04:03
156,VJC3667,VVTH,VVTS,B789,04:05
157,CPA5671,VVDN,VVTS,A321,04:07
158,QTR1631,VVTS,VVCR,A330,04:08
159,HVN1496,VVTS,VHHH,B737,04:10
160,BBA1526,VVNB,VVTS,A320,04:11
161,HVN4379,VHHH,VVTS,A320,04:12
162,QTR668,VVTS,RKSI,B789,04:13
163,BBA801,VVTS,RPLL,A321,04:13
164,HVN2131,VVTS,RKSI,A321,04:14
165,KAL9703,VVPQ,VVTS,B777,04:14
166,KAL6010,VVTH,VVTS,A320,04:16
167,SIA1332,VHHH,VVTS,B789,04:21
168,BBA2999,RKSI,VVTS,A359,04:21
169,HVN3277,VTBS,VVTS,A321,04:27
170,SIA1510,VVTS,RKSI,A320,04:31
171,CPA4873,VVBM,VVTS,A321,04:32
172,HVN6760,VVNB,VVTS,A321,04:33
173,SIA2572,VVTH,VVTS,A321,04:34
174,KAL9447,VVDN,VVTS,A320,04:34
175,VAG2844,VVTS,VVDL,A321,04:36
176,QTR3386,VVBM,VVTS,B789,04:38
177,HVN4874,VVTH,VVTS,B789,04:38
178,KAL2433,VVTS,VVDN,B737,04:39
179,BBA2445,VVTS,WMKK,B777,04:40
180,KAL1047,VVTS,VVCR,A321,04:46
181,VJC6693,VVDL,VVTS,A321,04:46
182,VJC1941,VVTS,RKSI,B737,04:47
183,BBA7633,VTBS,VVTS,B737,04:49
184,KAL5272,VHHH,VVTS,B789,04:49
185,HVN1270,VVTS,VVCR,A321,04:51
186,CPA3097,VVTS,RPLL,A321,04:52
187,VJC2319,VVTS,VVCI,A320,04:54
188,QTR3234,RPLL,VVTS,B789,04:57
189,VJC6602,VVDL,VVTS,A359,04:58
190,KAL7952,VTBS,VVTS,B777,05:00
191,VJC372,VHHH,VVTS,A321,05:01
192,VJC2864,VVTS,VVBM,A320,05:02
193,QTR1219,VVTS,WSSS,A320,05:03
194,CPA2273,VVTS,VVPQ,A321,05:09
195,QTR2954,VVTS,VVDL,B789,05:10
196,CPA9196,VHHH,VVTS,B777,05:11
197,BBA3633,VHHH,VVTS,A320,05:11
198,VAG1090,VVDL,VVTS,A359,05:15
199,SIA712,VVTS,VVTH,B789,05:16
200,KAL4769,VVNB,VVTS,B737,05:17
201,QTR8127,RKSI,VVTS,A359,05:17
202,VJC406,VVTS,VVCI,A321,05:24
203,CPA3712,VVTH,VVTS,A359,05:25
204,CPA1689,VVTS,RPLL,B789,05:27
205,CPA1848,VVTS,VVDN,A321,05:27
206,SIA2596,VVBM,VVTS,A330,05:32
207,VAG3599,VVTS,WMKK,A321,05:35
208,HVN6441,WSSS,VVTS,A330,05:35
209,SIA1452,VVTS,VVCR,B777,05:36
210,SIA188,VVTS,VVNB,B777,05:38
211,VJC4624,VTBS,VVTS,B737,05:38
212,HVN2590,VVTS,VHHH,A321,05:39
213,VAG1055,VVCR,VVTS,B737,05:46
214,SIA2596,VVTS,VVTH,A330,05:46
215,VAG4860,VVDL,VVTS,A321,05:47
216,VJC1530,VVDN,VVTS,B789,05:47
217,KAL7959,VVPQ,VVTS,A321,05:48
218,SIA341,VVTS,VVNB,A359,05:48
219,HVN855,VTBS,VVTS,A330,05:51
220,SIA175,VVTS,WMKK,A321,05:51
221,BBA719,VVTS,RPLL,B737,05:58
222,HVN1257,VVBM,VVTS,A321,05:58
223,BBA3093,VVTS,VVDL,A320,06:03
224,QTR2288,RKSI,VVTS,B777,06:03
225,SIA772,VVBM,VVTS,A321,06:03
226,VAG6878,VHHH,VVTS,B737,06:05
227,VJC3389,VVTS,VVCR,A321,06:06
228,KAL575,VVTS,VVCI,A320,06:06
229,SIA9594,VVTH,VVTS,A321,06:06
230,QTR355,VVTH,VVTS,A330,06:07
231,CPA3618,VVTS,VVDN,B789,06:07
232,VJC993,VVTS,VVDN,A320,06:07
233,BBA8335,VVBM,VVTS,B789,06:08
234,VJC1615,VVTS,VVBM,A320,06:09
235,VJC2883,VVTS,VTBS,A320,06:09
236,KAL1342,VVTS,VVPQ,B737,06:10
237,QTR2468,VVTS,VVCR,A359,06:12
238,BBA2275,VVTS,RPLL,B777,06:13
239,KAL2781,RPLL,VVTS,A359,06:20
240,KAL272,VVTS,VVPQ,B777,06:23
241,KAL4067,VVDL,VVTS,A359,06:25
242,CPA4506,VHHH,VVTS,A359,06:26
243,CPA8770,VTBS,VVTS,A321,06:29
244,KAL494,VVTS,VVCR,A359,06:29
245,CPA1925,VTBS,VVTS,B777,06:31
246,VJC427,VVBM,VVTS,A321,06:32
247,CPA6808,WMKK,VVTS,B737,06:34
248,HVN1245,VVDN,VVTS,A330,06:35
249,BBA514,VVTS,RKSI,A330,06:41
250,CPA7428,WMKK,VVTS,A320,06:46
251,KAL3305,VVTS,VVCR,A321,06:49
252,KAL3060,VVTS,WMKK,A321,06:51
253,CPA2309,VVTS,VVCI,B789,06:52
254,HVN3724,VVPQ,VVTS,A320,06:53
255,CPA1702,VVTS,VTBS,A321,06:54
256,VJC2186,VVTS,VVDN,A321,06:55
257,HVN5089,VVBM,VVTS,B737,06:55
258,HVN5119,VVTH,VVTS,B777,07:02
259,HVN2630,VVNB,VVTS,B777,07:03
260,KAL8951,VVCI,VVTS,A359,07:05
261,VJC3635,VVTS,RPLL,A330,07:06
262,CPA2741,VVTS,VVBM,B737,07:07
263,BBA3349,VVTS,VTBS,B789,07:07
264,BBA1381,VVTS,VVBM,A321,07:08
265,CPA2195,VVTH,VVTS,A321,07:08
266,CPA890,VVTS,VVDL,A321,07:08
267,SIA7123,VVPQ,VVTS,A359,07:08
268,SIA9608,RKSI,VVTS,A320,07:08
269,HVN2808,WSSS,VVTS,A330,07:11
270,QTR3322,VVTS,VVTH,B777,07:13
271,VJC4502,WMKK,VVTS,A330,07:17
272,HVN3578,VVTS,VTBS,B789,07:17
273,VJC2189,VVTS,RKSI,A321,07:18
274,BBA1734,VVTS,VVDL,A321,07:18
275,KAL8480,VVPQ,VVTS,B737,07:18
276,BBA3548,VVTS,VVPQ,A321,07:19
277,VJC2891,RPLL,VVTS,B777,07:20
278,HVN1214,RPLL,VVTS,A330,07:20
279,SIA1596,WSSS,VVTS,B789,07:20
280,VJC2343,VVPQ,VVTS,B737,07:22
281,VJC2778,VVTS,VVDL,B737,07:23
282,KAL3792,VVTS,RPLL,A359,07:24
283,VAG6820,WMKK,VVTS,B777,07:24
284,SIA1656,VVTS,VVNB,B737,07:24
285,CPA5404,RPLL,VVTS,A321,07:25
286,HVN2473,VVTS,RKSI,B777,07:26
287,QTR1327,VVTS,VTBS,A321,07:28
288,QTR2467,VVTS,VVCI,B789,07:28
289,HVN3475,RPLL,VVTS,B789,07:29
290,QTR2385,VVBM,VVTS,A321,07:30
291,CPA6937,RPLL,VVTS,A359,07:33
292,VAG9397,RKSI,VVTS,A320,07:33
293,VAG320,VVTS,WMKK,B737,07:34
294,BBA159,VVTS,RPLL,B789,07:37
295,KAL1807,VVTS,VVNB,A321,07:37
296,HVN6147,VVBM,VVTS,B737,07:37
297,VJC3473,VVTS,VHHH,B777,07:37
298,VAG990,VVTS,RKSI,B777,07:41
299,BBA1092,VVTS,WSSS,A320,07:41
300,HVN798,VVDL,VVTS,A321,07:42
301,KAL3543,VVTS,VVCI,B777,07:44
302,QTR2765,VVTS,VVCI,A320,07:48
303,VAG2445,VVTS,RKSI,A321,07:48
304,SIA2828,VVTS,WSSS,B789,07:48
305,BBA970,VVDL,VVTS,A330,07:50
306,CPA9765,VVCI,VVTS,B777,07:51
307,BBA3854,VVTS,WSSS,B737,07:53
308,VJC9225,RKSI,VVTS,A320,07:56
309,HVN3086,VVTS,VHHH,A320,07:56
310,QTR2582,VVPQ,VVTS,B737,07:58
311,KAL2509,VVTS,VVDL,A359,07:58
312,KAL1392,VVTS,VVDL,A321,07:59
313,HVN2036,VVTS,VVDN,A321,07:59
314,CPA4311,VVBM,VVTS,B789,08:04
315,HVN8358,VVCI,VVTS,A330,08:05
316,CPA6183,WMKK,VVTS,B789,08:05
317,SIA947,VVTS,WMKK,A359,08:06
318,KAL3205,VVTS,VVDN,B789,08:07
319,BBA1337,VVTH,VVTS,A321,08:07
320,BBA3815,VVTS,VVNB,A321,08:08
321,BBA4620,VHHH,VVTS,A321,08:09
322,HVN3214,VVTS,VVCI,B789,08:12
323,BBA2844,VVTS,VVCI,B737,08:15
324,HVN1457,VHHH,VVTS,A321,08:18
325,SIA1741,VVTS,VVNB,B789,08:18
326,HVN532,VVTS,WSSS,B737,08:18
327,CPA2339,VVBM,VVTS,B737,08:20
328,KAL1352,VVTS,VTBS,B777,08:21
329,QTR4533,VVPQ,VVTS,A320,08:23
330,SIA1450,WMKK,VVTS,B789,08:25
331,QTR9840,VVCI,VVTS,A359,08:26
332,VAG520,VVTS,VVPQ,B777,08:26
333,HVN484,VVTS,WMKK,A321,08:27
334,KAL9141,VVNB,VVTS,B777,08:28
335,KAL2252,VVTS,VVCR,A321,08:29
336,SIA4801,VVTH,VVTS,A330,08:29
337,KAL1787,VVTS,VVCR,A330,08:31
338,SIA545,VVTS,VVDL,B777,08:31
339,KAL325,VVTS,VHHH,A359,08:31
340,SIA3738,VVTS,VVBM,A330,08:33
341,BBA1428,VVTS,VVCI,A321,08:33
342,QTR4083,VVTH,VVTS,A359,08:33
343,SIA1257,VVTH,VVTS,A359,08:35
344,VJC1015,VVTS,WMKK,B789,08:37
345,HVN2504,VHHH,VVTS,A359,08:38
346,HVN2455,VVTS,VVBM,B777,08:38
347,BBA1536,VVTS,VVPQ,A359,08:38
348,KAL2575,VHHH,VVTS,B789,08:39
349,VJC3157,RPLL,VVTS,B789,08:39
350,VJC6828,VHHH,VVTS,B777,08:40
351,BBA2686,VVTS,VVCR,A320,08:40
352,SIA2535,VVTS,VVCI,B789,08:40
353,BBA6805,WMKK,VVTS,A330,08:41
354,KAL944,VVTS,WSSS,A321,08:41
355,QTR2941,VVDL,VVTS,B789,08:43
356,KAL302,VVTS,VVCR,A359,08:44
357,QTR651,VVTS,WMKK,A359,08:45
358,CPA7118,VVDN,VVTS,A320,08:46
359,VJC9321,VVPQ,VVTS,A321,08:48
360,BBA3653,VVTS,VVPQ,A320,08:49
361,SIA2172,VVPQ,VVTS,B777,08:50
362,SIA4315,VVPQ,VVTS,A359,08:51
363,BBA2810,VVTS,VHHH,B777,08:52
364,VJC4662,VTBS,VVTS,A321,08:54
365,VJC486,VVTS,RPLL,A359,08:55
366,SIA6525,VVCR,VVTS,A320,08:57
367,QTR715,VVTS,VVNB,B777,08:59
368,BBA6281,VHHH,VVTS,A321,09:00
369,KAL1736,VVPQ,VVTS,A320,09:00
370,VAG1280,VVTS,RPLL,A321,09:01
371,BBA779,VVTS,VHHH,A321,09:02
372,VAG1216,WSSS,VVTS,B777,09:02
373,HVN6692,VVBM,VVTS,B777,09:03
374,VAG2129,VVTS,VHHH,A330,09:03
375,QTR2940,VVTH,VVTS,B777,09:09
376,QTR1965,WSSS,VVTS,A321,09:10
377,SIA3194,VVTS,VVCR,B737,09:11
378,SIA8287,VHHH,VVTS,B789,09:11
379,VAG1480,VVTS,RKSI,B737,09:12
380,SIA2459,VVTS,VVDN,B737,09:13
381,KAL3161,VVTS,VVPQ,A321,09:13
382,BBA927,VVTS,RKSI,A330,09:14
383,KAL217,VVTS,VVCR,A321,09:14
384,BBA574,VVTS,VVNB,A330,09:18
385,KAL1360,VVTS,VVDN,A320,09:21
386,CPA1811,VVTS,VHHH,A359,09:21
387,VAG1147,VVTS,VTBS,A320,09:21
388,CPA3082,VVTS,VVBM,A321,09:25
389,QTR2442,VVTS,WMKK,A321,09:25
390,VJC3462,VVTS,VHHH,B737,09:26
391,CPA8590,VVDN,VVTS,A320,09:27
392,SIA6437,VVBM,VVTS,B777,09:27
393,HVN8131,VVDN,VVTS,A330,09:28
394,VJC3271,VVTS,RPLL,A321,09:28
395,VAG5708,VVBM,VVTS,B789,09:29
396,BBA8800,VVPQ,VVTS,B789,09:30
397,CPA3011,RKSI,VVTS,A321,09:30
398,BBA9993,VVCI,VVTS,A330,09:32
399,VAG276,VVCI,VVTS,A330,09:33
400,QTR5404,RPLL,VVTS,A321,09:34
401,HVN1998,VTBS,VVTS,A320,09:34
402,CPA2859,RPLL,VVTS,A359,09:34
403,VJC959,VVTH,VVTS,B737,09:35
404,BBA593,VVBM,VVTS,B789,09:35
405,SIA1421,WSSS,VVTS,A359,09:36
406,VAG1706,VVTS,VVTH,B789,09:37
407,HVN3734,VVTS,VHHH,B737,09:38
408,VAG9560,RPLL,VVTS,B789,09:38
409,BBA3379,VVTS,WMKK,B737,09:39
410,HVN3487,VVTS,VVPQ,A359,09:39
411,HVN3016,VVTS,VVCR,B777,09:40
412,BBA1968,VVTS,VVPQ,A330,09:41
413,VAG2906,WMKK,VVTS,A321,09:43
414,QTR2890,VVTS,VVCR,A320,09:45
415,KAL9221,VVDN,VVTS,B737,09:46
416,BBA875,VVTS,VVNB,A359,09:47
417,HVN1428,WSSS,VVTS,B737,09:47
418,VJC1289,RPLL,VVTS,B737,09:47
419,VAG2080,VVTS,RKSI,A359,09:48
420,CPA9741,RPLL,VVTS,A359,09:49
421,SIA2107,VVTS,RPLL,A359,09:50
422,VJC3744,VVTS,VVTH,B777,09:52
423,BBA2609,VVCI,VVTS,A330,09:53
424,CPA129,VVNB,VVTS,A330,09:55
425,QTR470,VVTS,WMKK,B737,09:57
426,BBA4273,WMKK,VVTS,A321,09:57
427,VAG2953,VVTS,WSSS,A359,10:00
428,SIA8033,VVTH,VVTS,B737,10:01
429,VAG5492,VVTH,VVTS,A320,10:02
430,KAL1471,VVTS,VVCI,B777,10:03
431,HVN1428,VVTS,VTBS,B737,10:05
432,KAL2335,VVCI,VVTS,A330,10:06
433,BBA9161,VVNB,VVTS,A330,10:07
434,KAL9927,WMKK,VVTS,A321,10:08
435,HVN3946,VVTS,RPLL,A330,10:09
436,BBA3161,VVCI,VVTS,A320,10:10
437,VAG6937,VVCR,VVTS,A359,10:12
438,HVN4717,VVTH,VVTS,A320,10:12
439,CPA3489,VVTS,VVCI,A320,10:12
440,VAG2819,VVTS,VVBM,A321,10:14
441,CPA2164,VVDN,VVTS,A321,10:15
442,HVN2880,VVTS,VVNB,B789,10:16
443,KAL4923,VVBM,VVTS,A321,10:17
444,CPA666,VVTS,RPLL,A321,10:19
445,KAL2722,VVTS,VVNB,B789,10:19
446,KAL2423,VVTS,VTBS,A321,10:19
447,KAL4556,RPLL,VVTS,A321,10:20
448,VAG6237,WMKK,VVTS,A321,10:20
449,BBA2390,VVTS,VVTH,A330,10:22
450,SIA1473,VVTS,VVNB,B789,10:23
451,SIA2138,VVTS,RKSI,A330,10:23
452,QTR1405,VVTS,VVCR,B737,10:24
453,VJC4471,VHHH,VVTS,A330,10:24
454,QTR4103,RKSI,VVTS,A359,10:25
455,SIA7607,WSSS,VVTS,A321,10:26
456,BBA3037,VVTS,VTBS,B777,10:27
457,VAG1151,VVTS,VVDL,A321,10:28
458,SIA897,VVTS,VTBS,B737,10:28
459,VJC6107,VVCR,VVTS,A330,10:28
460,QTR7862,WMKK,VVTS,B737,10:29
461,CPA3722,VVTS,VVPQ,B789,10:30
462,QTR8643,VVCR,VVTS,A321,10:31
463,VJC1127,VVTS,VVTH,A321,10:31
464,SIA493,WSSS,VVTS,B777,10:32
465,BBA1105,VVTS,VTBS,A321,10:33
466,QTR3810,VVTS,VVDN,A320,10:35
467,VJC2727,VVTS,VVBM,A330,10:35
468,KAL3301,VHHH,VVTS,A320,10:39
469,SIA9344,VVCI,VVTS,B737,10:43
470,SIA2805,VVTS,VVCR,A330,10:44
471,HVN1508,VVDN,VVTS,A359,10:44
472,QTR8745,RKSI,VVTS,B737,10:45
473,CPA3751,VVCR,VVTS,A330,10:46
474,BBA784,VVTS,VVBM,B777,10:47
475,VJC8795,VVNB,VVTS,A321,10:47
476,VJC2289,VVTS,VVCR,A321,10:49
477,VAG6600,VVCI,VVTS,B737,10:51
478,BBA3518,VVTS,VVNB,A321,10:51
479,KAL2784,VVTS,VVNB,A320,10:52
480,KAL237,VVTS,WMKK,B789,10:55
481,VAG3013,VVBM,VVTS,A321,10:55
482,QTR2730,WMKK,VVTS,B777,10:58
483,VJC6538,VVNB,VVTS,A321,10:58
484,VJC2136,VVPQ,VVTS,A320,11:00
485,QTR1469,VTBS,VVTS,A321,11:02
486,HVN739,VVTS,VVDN,B789,11:03
487,QTR1271,VVTS,VVTH,B777,11:03
488,HVN5013,WSSS,VVTS,B777,11:04
489,SIA569,VVCI,VVTS,A321,11:05
490,CPA1436,VVTS,VVTH,A320,11:09
491,VJC3461,VVTS,VVCR,A321,11:09
492,VAG203,VVTS,VVCR,A321,11:09
493,KAL3075,VVTS,VVNB,A320,11:10
494,KAL7322,RKSI,VVTS,B737,11:13
495,QTR8900,VVCI,VVTS,A330,11:14
496,HVN5455,VVDN,VVTS,A321,11:15
497,CPA1414,VVTS,VVNB,B777,11:17
498,QTR3198,VVTS,VTBS,A321,11:20
499,CPA4169,VVPQ,VVTS,B789,11:20
500,VJC3878,VVTS,VTBS,B777,11:21
501,QTR7090,RPLL,VVTS,B777,11:21
502,HVN6636,RPLL,VVTS,B777,11:23
503,VAG9404,RKSI,VVTS,B777,11:24
504,KAL2521,VVTS,VVNB,B737,11:26
505,KAL4950,VVNB,VVTS,A330,11:27
506,VJC3221,VVTS,RKSI,A321,11:31
507,SIA865,VVTS,RKSI,A359,11:35
508,BBA3619,VVBM,VVTS,B777,11:35
509,BBA2746,VVTH,VVTS,A320,11:37
510,QTR4348,VVPQ,VVTS,A359,11:37
511,CPA3186,VVTS,WMKK,A359,11:38
512,HVN3216,VVTS,VVDN,B737,11:43
513,SIA1174,VVTS,VVCI,A330,11:44
514,QTR3390,VVTS,VVDL,B777,11:45
515,CPA378,VVTS,WSSS,A359,11:45
516,VAG1348,VVTS,VVCR,A321,11:48
517,BBA8387,VVCI,VVTS,B737,11:51
518,KAL3557,VVTS,VVTH,B777,11:52
519,BBA2461,VVTS,VVBM,B777,11:52
520,VJC3104,VVTS,VVDN,A321,11:54
521,SIA6100,RKSI,VVTS,B789,11:56
522,HVN5977,RPLL,VVTS,A330,11:56
523,HVN2397,VVTS,VVDL,A359,11:58
524,QTR5797,VVDL,VVTS,A330,12:00
525,HVN8113,VVTH,VVTS,B737,12:08
526,CPA3866,VVTS,RKSI,B737,12:10
527,HVN1208,WSSS,VVTS,B777,12:10
528,KAL4885,RKSI,VVTS,B737,12:10
529,QTR8102,VHHH,VVTS,A320,12:12
530,SIA2643,VVTS,VVCI,B789,12:13
531,VJC1975,RKSI,VVTS,A320,12:14
532,VAG1095,VVTS,VTBS,A321,12:15
533,VJC4404,WSSS,VVTS,B789,12:15
534,QTR145,VVTS,VVNB,A321,12:16
535,SIA6168,VVCR,VVTS,A359,12:16
536,KAL2786,VVTS,VVCR,A320,12:17
537,CPA2168,VVTS,VVTH,A321,12:18
538,HVN2666,VVTS,VVDN,A321,12:18
539,BBA2323,VVTS,WSSS,A320,12:20
540,BBA3356,VVDN,VVTS,B737,12:20
541,BBA1699,VVTS,VVDL,A359,12:22
542,BBA6045,VVTH,VVTS,A320,12:23
543,SIA1298,VVTS,VTBS,A320,12:26
544,SIA9468,VVTH,VVTS,A320,12:26
545,CPA2117,VVTS,WMKK,A321,12:28
546,VAG3509,VVTS,VVTH,A320,12:31
547,BBA189,VVTS,RKSI,B737,12:32
548,VJC713,VVTS,VVDL,B777,12:33
549,QTR3801,VVTS,VVCR,A321,12:33
550,HVN983,VVTS,RKSI,A320,12:35
551,KAL3055,RKSI,VVTS,A321,12:35
552,QTR1290,VVCI,VVTS,B789,12:38
553,KAL2094,VVTH,VVTS,A321,12:38
554,QTR9000,VVBM,VVTS,B737,12:38
555,SIA1755,VVTS,WMKK,B777,12:46
556,VAG716,VVTS,VVTH,A359,12:46
557,QTR218,VVDN,VVTS,B737,12:46
558,CPA8980,WMKK,VVTS,B789,12:53
559,QTR810,VVTS,VVCI,B789,12:54
560,SIA4053,VVBM,VVTS,B737,12:56
561,CPA715,VVTS,VTBS,B789,12:56
562,HVN3196,VVTS,RPLL,B789,12:57
563,KAL192,VVTS,VVBM,A330,12:59
564,HVN7005,RPLL,VVTS,B737,13:00
565,SIA1736,VVTS,VVCI,A330,13:02
566,VJC2088,VVTS,WSSS,B777,13:08
567,SIA6910,WMKK,VVTS,A320,13:11
568,SIA3096,VVTS,VVCI,B777,13:11
569,VJC9545,VHHH,VVTS,A321,13:13
570,VJC3105,VVTH,VVTS,B777,13:14
571,VAG3950,VVBM,VVTS,A359,13:14
572,SIA1493,RKSI,VVTS,B789,13:15
573,SIA7489,VVDN,VVTS,A359,13:16
574,VJC8937,VVTH,VVTS,B777,13:18
575,BBA5864,VVCI,VVTS,A359,13:19
576,KAL307,VVTS,VVCI,B789,13:20
577,KAL687,WMKK,VVTS,B777,13:21
578,VAG3976,VVTS,VTBS,A330,13:24
579,QTR1932,VVDN,VVTS,A330,13:24
580,HVN2382,VVTS,VVCI,A330,13:27
581,CPA3203,VVTS,VVPQ,A330,13:27
582,VAG999,VVTS,VVBM,B777,13:29
583,HVN2562,VVDL,VVTS,B789,13:30
584,VAG4795,VVTH,VVTS,A359,13:31
585,VAG8042,VVBM,VVTS,A320,13:34
586,BBA2465,VVTS,VVTH,A320,13:34
587,BBA4870,RKSI,VVTS,A359,13:36
588,VJC2118,VVTS,VHHH,B789,13:39
589,VAG2630,VVTS,VVCR,A330,13:39
590,VAG2900,VVTS,VVDL,A320,13:41
591,SIA5275,VVDL,VVTS,B737,13:43
592,VJC653,VVTS,VVNB,B777,13:43
593,SIA1325,VVTS,VVCR,B777,13:46
594,SIA2553,VVTS,RKSI,A359,13:47
595,KAL2204,VVNB,VVTS,A330,13:49
596,SIA7257,VTBS,VVTS,A359,13:51
597,VJC1524,VVTS,VVBM,A321,13:52
598,KAL3781,VVTS,VVCI,B777,13:53
599,KAL2799,VHHH,VVTS,B789,13:53
600,QTR892,VVTS,VHHH,B737,13:56
601,VJC6740,VHHH,VVTS,A330,14:00
602,VJC3574,VVTS,VVCR,A321,14:00
603,BBA2018,VVTS,VVCI,A320,14:01
604,KAL3672,VVTS,WMKK,A321,14:03
605,HVN6316,VTBS,VVTS,A359,14:04
606,HVN8390,RKSI,VVTS,A359,14:05
607,HVN2095,VVTS,VVCR,A321,14:08
608,HVN1646,VVTS,VVDN,B737,14:08
609,HVN5483,VVCR,VVTS,B789,14:09
610,VAG479,VVTS,VVPQ,A330,14:12
611,CPA8883,WSSS,VVTS,A321,14:12
612,HVN1351,VVTS,VVBM,B789,14:14
613,QTR3197,WSSS,VVTS,B777,14:15
614,SIA2664,VVBM,VVTS,A330,14:15
615,QTR3310,VTBS,VVTS,B789,14:20
616,HVN124,VVTS,RKSI,A321,14:21
617,SIA2627,VVTS,RKSI,A330,14:21
618,SIA3051,VVTS,VVPQ,A359,14:22
619,VJC3560,VTBS,VVTS,B789,14:24
620,BBA1902,VVTS,RKSI,B789,14:25
621,CPA1653,VVTS,VVCI,A321,14:26
622,KAL2114,VVTS,RKSI,A321,14:26
623,SIA5387,VVNB,VVTS,A321,14:28
624,SIA6437,RKSI,VVTS,B777,14:29
625,SIA9235,VHHH,VVTS,A320,14:30
626,HVN350,VVTH,VVTS,A321,14:30
627,CPA4694,VHHH,VVTS,A359,14:33
628,VJC2591,VVTS,WSSS,A321,14:34
629,VJC2158,VVTS,VTBS,B789,14:35
630,VJC609,VVTS,WMKK,B737,14:36
631,HVN1028,WMKK,VVTS,A330,14:37
632,VJC3384,VVTS,VHHH,A321,14:37
633,KAL3353,WMKK,VVTS,B789,14:38
634,BBA3149,VVNB,VVTS,A320,14:39
635,SIA3872,VVTS,VVCR,A359,14:41
636,BBA519,VVTS,WSSS,B737,14:41
637,SIA6347,RKSI,VVTS,A330,14:41
638,KAL1242,VVTS,VVDL,A321,14:43
639,QTR811,VTBS,VVTS,A330,14:43
640,QTR2033,VVTS,VVCI,A321,14:44
641,CPA2258,VVTS,VTBS,A321,14:45
642,KAL3678,WSSS,VVTS,A330,14:48
643,KAL9601,VVCR,VVTS,B777,14:48
644,CPA1481,VVDL,VVTS,A321,14:49
645,KAL1499,VVTS,VVDN,A359,14:49
646,QTR3524,VVTS,VVCI,A330,14:49
647,SIA3409,VVTS,VVDN,B789,14:51
648,SIA8923,WMKK,VVTS,B737,14:53
649,HVN7582,VVBM,VVTS,B737,14:53
650,QTR2556,VVTS,VVTH,A320,14:54
651,QTR1742,VVTS,VVPQ,A359,14:55
652,QTR677,VVTS,WMKK,B777,14:56
653,BBA4627,VHHH,VVTS,A321,14:56
654,KAL5193,VVTH,VVTS,A320,14:58
655,CPA719,WMKK,VVTS,A330,15:02
656,SIA3719,VVTS,VVDL,A359,15:03
657,QTR2300,VVTS,VVNB,A321,15:04
658,VJC4963,VVCI,VVTS,A330,15:05
659,SIA1428,VVTS,WMKK,A321,15:05
660,QTR396,RKSI,VVTS,B777,15:07
661,HVN3840,VVTS,RPLL,B777,15:12
662,VAG3164,VVTS,RPLL,B737,15:13
663,CPA1301,VVTS,VVCR,B789,15:14
664,CPA943,VVTS,RPLL,A359,15:14
665,BBA1498,VVDN,VVTS,B777,15:16
666,BBA6062,VVDN,VVTS,A321,15:16
667,QTR394,VVDN,VVTS,A321,15:18
668,VJC1407,VVTH,VVTS,B777,15:18
669,CPA7967,RKSI,VVTS,A330,15:18
670,CPA3287,VVTS,VVDN,B789,15:19
671,VJC4969,VVNB,VVTS,A321,15:19
672,VAG2675,VVTS,RPLL,A330,15:20
673,QTR3688,VVTS,VVBM,B737,15:21
674,VJC9948,VVCR,VVTS,A321,15:21
675,VJC8592,VVNB,VVTS,A330,15:23
676,KAL3235,VVCR,VVTS,A321,15:25
677,BBA5905,RKSI,VVTS,A321,15:27
678,KAL1739,VVTS,VHHH,A330,15:28
679,SIA2474,VVTS,WMKK,B737,15:30
680,HVN1683,VVTS,RKSI,A330,15:30
681,KAL5068,VVDL,VVTS,A320,15:31
682,VJC794,VVDN,VVTS,A320,15:31
683,VAG6043,VVBM,VVTS,B777,15:32
684,KAL656,VVTS,VVCI,A321,15:33
685,SIA1964,VVTS,VHHH,A359,15:35
686,KAL7840,RKSI,VVTS,A321,15:35
687,HVN1232,VVCI,VVTS,A330,15:37
688,KAL7496,VVCI,VVTS,A321,15:38
689,CPA1927,VVTS,VVBM,B777,15:39
690,VJC795,VVTS,VVBM,A321,15:39
691,QTR168,VVTS,VVCI,B737,15:40
692,QTR3187,RPLL,VVTS,B789,15:40
693,VAG5143,VVDL,VVTS,A330,15:41
694,QTR1208,VHHH,VVTS,B737,15:41
695,HVN2748,VVTH,VVTS,A359,15:41
696,SIA3629,VVTS,RKSI,B777,15:43
697,CPA1707,VVTS,WSSS,B789,15:43
698,HVN6477,WMKK,VVTS,A359,15:43
699,VJC2699,VVTS,RPLL,A321,15:47
700,SIA2883,VVTS,VVCR,A320,15:47
701,QTR331,RKSI,VVTS,A321,15:48
702,HVN2277,VVTS,VVCI,B737,15:50
703,HVN2412,VVTS,VVPQ,A320,15:50
704,CPA3834,WSSS,VVTS,A359,15:51
705,KAL5377,VVPQ,VVTS,A320,15:53
706,HVN2491,VTBS,VVTS,A321,15:53
707,KAL2884,VVTS,WMKK,A359,15:54
708,SIA6626,WMKK,VVTS,A330,15:54
709,BBA4275,VVBM,VVTS,A330,15:56
710,QTR3294,VVTS,VVNB,B777,15:58
711,CPA461,VVTS,VVPQ,A330,16:01
712,HVN779,VVBM,VVTS,B737,16:02
713,BBA6545,VVTH,VVTS,A321,16:02
714,QTR1557,VTBS,VVTS,A321,16:03
715,BBA504,VVTH,VVTS,B737,16:06
716,CPA1717,VVTS,VVDL,B789,16:06
717,VAG7585,VHHH,VVTS,A330,16:07
718,VAG3409,VVDL,VVTS,A330,16:08
719,SIA1675,VVDL,VVTS,A320,16:08
720,CPA479,VVPQ,VVTS,B737,16:09
721,KAL7136,VTBS,VVTS,B777,16:09
722,VJC4335,VVCR,VVTS,B789,16:11
723,VAG2511,VVTS,VVNB,A330,16:11
724,HVN8446,WSSS,VVTS,A330,16:12
725,HVN4280,VVBM,VVTS,A321,16:13
726,QTR7234,VVBM,VVTS,A320,16:14
727,HVN2801,VVTS,WMKK,A320,16:14
728,BBA2288,VVTS,WMKK,A359,16:15
729,HVN7322,VVDL,VVTS,A321,16:17
730,SIA1641,VVTS,VVDL,A321,16:17
731,QTR7162,RPLL,VVTS,B737,16:18
732,BBA657,VVTS,VVDN,B737,16:18
733,QTR592,VVTS,VVPQ,B737,16:19
734,VJC1329,VVTS,VTBS,B789,16:24
735,CPA3997,VVTS,VVDN,A320,16:25
736,HVN453,VVTS,VVTH,B777,16:25
737,KAL1357,VVTS,VVCI,B789,16:27
738,KAL3924,VVTS,VVDN,B777,16:27
739,BBA1750,VVBM,VVTS,A330,16:27
740,VJC1517,VVNB,VVTS,B789,16:28
741,QTR1750,RPLL,VVTS,A330,16:29
742,KAL2763,VTBS,VVTS,B737,16:30
743,VJC1867,VVTS,VTBS,B789,16:30
744,SIA672,VTBS,VVTS,B789,16:32
745,KAL983,VVTS,VVDL,B789,16:33
746,CPA1351,VVTS,WMKK,A359,16:34
747,QTR2564,VTBS,VVTS,A321,16:36
748,CPA3313,VVTS,VVDN,A320,16:38
749,VAG3270,VVDL,VVTS,B737,16:39
750,VJC288,VVDN,VVTS,B737,16:40
751,BBA488,VVTS,VVCR,A320,16:41
752,VAG4918,VVNB,VVTS,A321,16:44
753,HVN2082,WSSS,VVTS,B789,16:46
754,BBA561,VVTS,WMKK,A321,16:47
755,QTR5783,VTBS,VVTS,B789,16:48
756,CPA582,VVTS,VVDL,A359,16:50
757,SIA3308,VVTS,RKSI,A320,16:51
758,CPA4562,VVTH,VVTS,A359,16:52
759,BBA2594,VVTS,VVPQ,A320,16:53
760,SIA1435,VVTS,VVCI,B789,16:53
761,SIA9736,VVDL,VVTS,A320,16:54
762,BBA6072,RKSI,VVTS,B789,16:55
763,QTR2012,VVTS,RPLL,A359,16:57
764,HVN4959,RPLL,VVTS,A321,16:58
765,VJC166,VVTS,WSSS,A321,16:59
766,QTR133,VVTS,VVPQ,B777,17:00
767,KAL9920,RKSI,VVTS,A359,17:01
768,SIA3480,VVTS,VTBS,A321,17:02
769,HVN2586,VVBM,VVTS,A321,17:03
770,KAL3894,VVTS,VVTH,B789,17:04
771,HVN6023,RPLL,VVTS,A330,17:05
772,HVN2772,VVTS,VVCI,B777,17:06
773,VAG3594,VVDL,VVTS,A359,17:07
774,SIA6143,VVNB,VVTS,B789,17:09
775,SIA1494,VTBS,VVTS,B737,17:10
776,SIA2900,VVTS,VHHH,B777,17:10
777,KAL2150,VVPQ,VVTS,B789,17:12
778,VJC5110,VVTH,VVTS,A321,17:14
779,SIA2799,VVTS,VVCR,B777,17:14
780,VJC3925,VVTS,VVCI,A321,17:16
781,SIA2832,VVTS,VVCI,A359,17:17
782,SIA3964,VVTS,VVDN,B737,17:17
783,QTR3934,VVNB,VVTS,A321,17:17
784,HVN8680,WMKK,VVTS,A330,17:18
785,VAG3021,VVTS,VTBS,B777,17:21
786,QTR8464,WMKK,VVTS,A321,17:21
787,QTR3642,VVTS,VHHH,A359,17:22
788,KAL2638,VVTS,VTBS,A320,17:22
789,KAL9603,VVBM,VVTS,A321,17:23
790,CPA9528,VVNB,VVTS,B789,17:23
791,HVN3336,VVTS,VVTH,A330,17:23
792,VAG1161,VVTS,VVDL,B737,17:24
793,VAG2231,VVTS,VHHH,A321,17:26
794,QTR1892,VVTS,VVDL,A320,17:28
795,VAG2095,VVDN,VVTS,A321,17:31
796,QTR348,VVBM,VVTS,B737,17:33
797,CPA3001,VVDN,VVTS,A330,17:34
798,VJC5612,RKSI,VVTS,A321,17:35
799,QTR2594,VVTS,VVCI,A321,17:35
800,KAL7918,VVCR,VVTS,A321,17:38
801,QTR8535,WMKK,VVTS,A359,17:39
802,VAG738,VVTH,VVTS,B777,17:42
803,HVN1315,VVTS,VTBS,A359,17:43
804,QTR1186,VVTS,VVNB,B777,17:45
805,VAG2502,VVTS,VTBS,B737,17:45
806,HVN1983,VVTS,VVCI,B789,17:46
807,HVN4225,VVTH,VVTS,A321,17:48
808,VJC4923,VTBS,VVTS,A359,17:49
809,QTR9243,VVDL,VVTS,A321,17:49
810,VAG751,WSSS,VVTS,A359,17:49
811,QTR248,VVTS,RKSI,B789,17:49
812,VJC1473,VVTS,VVBM,A321,17:51
813,KAL3965,VVNB,VVTS,A359,17:53
814,VJC7621,VHHH,VVTS,A359,17:54
815,VJC4606,WSSS,VVTS,B789,17:55
816,HVN9894,VTBS,VVTS,A321,17:55
817,VAG3151,VVTS,VHHH,A359,17:56
818,HVN8893,VVCI,VVTS,A320,17:57
819,QTR6763,VVDN,VVTS,A359,17:59
820,QTR575,VVTS,VVNB,A320,18:00
821,CPA6842,VHHH,VVTS,A330,18:00
822,BBA2795,VVTS,WMKK,A359,18:02
823,HVN8333,VHHH,VVTS,B737,18:03
824,QTR6826,RPLL,VVTS,B777,18:03
825,QTR3465,VVCI,VVTS,B737,18:04
826,BBA1050,VVTS,VVPQ,B737,18:06
827,QTR4899,WMKK,VVTS,A321,18:07
828,QTR4136,VVTH,VVTS,A359,18:08
829,HVN8317,RPLL,VVTS,B789,18:08
830,VAG491,VVTS,VVNB,A330,18:10
831,VAG5723,VVDN,VVTS,B777,18:11
832,SIA7684,VVBM,VVTS,A321,18:11
833,CPA108,VVTS,VVTH,B777,18:12
834,KAL2369,VVTS,VVPQ,A359,18:14
835,CPA3266,VVTS,RKSI,A359,18:15
836,BBA1869,VVTS,VVBM,A321,18:16
837,KAL7863,VHHH,VVTS,A321,18:17
838,KAL721,VVTS,VTBS,B789,18:17
839,HVN2379,VVTS,VVCI,A330,18:18
840,BBA461,VVTS,WSSS,B737,18:18
841,KAL2790,VVTS,VHHH,A321,18:19
842,HVN1148,VVTS,RKSI,A321,18:20
843,VJC2350,VVTS,VVDL,A320,18:20
844,KAL7176,RKSI,VVTS,A330,18:22
845,HVN1167,VVTS,WMKK,B789,18:22
846,BBA1196,VVTS,WMKK,A321,18:23
847,SIA5352,VVBM,VVTS,A330,18:24
848,VJC6736,VVDN,VVTS,A359,18:24
849,BBA680,VVTS,VVCI,A359,18:27
850,BBA3560,RPLL,VVTS,A330,18:27
851,CPA8803,VVBM,VVTS,A320,18:27
852,SIA786,WSSS,VVTS,A320,18:28
853,SIA6214,VTBS,VVTS,B737,18:32
854,KAL2338,VTBS,VVTS,B789,18:32
855,VAG806,VVTS,VVCR,A330,18:35
856,HVN370,VVCR,VVTS,B737,18:35
857,VJC329,VVDL,VVTS,B777,18:37
858,VAG7598,WMKK,VVTS,B737,18:37
859,BBA917,VVTS,VVTH,B777,18:38
860,HVN757,VVTS,WMKK,B737,18:39
861,QTR1319,VVNB,VVTS,A321,18:39
862,SIA150,VVTS,VVNB,A320,18:41
863,VAG8738,VVDL,VVTS,B777,18:42
864,CPA3750,VVTS,VVCI,A320,18:43
865,SIA5303,VTBS,VVTS,A330,18:45
866,QTR1399,VVTS,VVDL,A330,18:46
867,VAG3050,VVCR,VVTS,A330,18:48
868,VJC480,VHHH,VVTS,A330,18:48
869,BBA3654,WSSS,VVTS,A321,18:49
870,QTR7921,VVNB,VVTS,A321,18:49
871,KAL636,VVTS,VVCI,A359,18:51
872,BBA2470,VVPQ,VVTS,A330,18:53
873,BBA2702,VVTS,WSSS,A321,18:56
874,CPA3338,RKSI,VVTS,A321,18:58
875,BBA228,VVTS,VHHH,A359,18:58
876,VAG3030,VVTS,VVPQ,B737,19:01
877,QTR1148,VVDL,VVTS,A321,19:03
878,HVN2450,VVTS,VVCI,A330,19:06
879,KAL564,VVTS,VHHH,A359,19:06
880,BBA7755,VVDL,VVTS,A330,19:07
881,BBA3702,VVTS,VVDN,A321,19:10
882,KAL3701,VVTS,RKSI,A320,19:10
883,BBA2736,VVTS,VVCR,B789,19:11
884,VJC7224,VVDN,VVTS,A359,19:12
885,KAL2272,VVTS,RPLL,A359,19:12
886,BBA1528,RPLL,VVTS,A320,19:12
887,VJC3377,VVTS,RPLL,A330,19:17
888,SIA6512,VVCR,VVTS,B789,19:17
889,QTR2225,RKSI,VVTS,A321,19:18
890,KAL8177,VVDL,VVTS,A321,19:19
891,KAL3658,VHHH,VVTS,A359,19:20
892,QTR3348,VVBM,VVTS,A321,19:22
893,VJC6562,VTBS,VVTS,B737,19:22
894,VJC2932,WSSS,VVTS,A321,19:22
895,HVN464,VHHH,VVTS,A359,19:30
896,BBA3885,VVTS,VVNB,A321,19:30
897,CPA6561,VVCI,VVTS,A321,19:32
898,HVN5481,VTBS,VVTS,A320,19:32
899,BBA3471,VVTS,VTBS,A321,19:37
900,BBA9886,RKSI,VVTS,A320,19:38
901,CPA342,VVTS,RKSI,B789,19:41
902,BBA1330,VVTS,VTBS,B737,19:44
903,VAG3917,VVTS,VVNB,A321,19:45
904,QTR305,VVTS,RKSI,B789,19:52
905,KAL7849,VVTH,VVTS,A330,19:52
906,VJC7981,VTBS,VVTS,A330,19:53
907,KAL2708,VHHH,VVTS,A321,19:54
908,HVN8254,RKSI,VVTS,A321,19:55
909,QTR1125,VVTS,VVNB,A320,19:55
910,VAG2301,VVTS,VVCR,A359,19:56
911,BBA7922,RKSI,VVTS,B737,19:56
912,QTR193,VVTS,VVDL,B777,19:59
913,VJC683,VTBS,VVTS,A330,20:00
914,HVN3566,VVNB,VVTS,A321,20:08
915,SIA2925,VVTS,VVCI,A321,20:09
916,QTR2592,WMKK,VVTS,A330,20:09
917,BBA3750,VVTS,VVTH,A321,20:12
918,QTR2652,VVTS,VVPQ,B789,20:16
919,BBA7812,VTBS,VVTS,B737,20:17
920,CPA6273,VVDN,VVTS,A321,20:17
921,CPA3264,VVTS,RPLL,B789,20:17
922,HVN2689,RPLL,VVTS,A320,20:17
923,QTR1896,VVTS,RPLL,A321,20:20
924,BBA2774,VVCI,VVTS,A320,20:21
925,CPA2063,VVTS,VHHH,B737,20:23
926,SIA4166,RPLL,VVTS,B789,20:26
927,CPA4273,VTBS,VVTS,A330,20:26
928,VAG5077,VHHH,VVTS,B737,20:26
929,VJC4729,VHHH,VVTS,A321,20:28
930,CPA2876,VVTS,RKSI,A330,20:31
931,VJC2563,WSSS,VVTS,B737,20:31
932,CPA6994,WMKK,VVTS,A320,20:31
933,HVN3088,VVTS,VVBM,B789,20:32
934,SIA1943,VVTS,RPLL,A359,20:32
935,CPA2180,VVTS,VVBM,B789,20:35
936,SIA5151,VVCI,VVTS,A330,20:38
937,VJC1817,VVTS,VVPQ,B737,20:38
938,QTR4334,VVBM,VVTS,A321,20:45
939,SIA3729,VVTS,VVCI,A330,20:46
940,KAL994,VVTS,VVCI,A320,20:48
941,VJC4080,VTBS,VVTS,A321,20:52
942,QTR728,VVTS,VVDN,B777,20:53
943,SIA2847,VVCI,VVTS,B789,20:53
944,QTR7239,WMKK,VVTS,B789,20:56
945,VJC2180,VVTS,VVBM,A359,20:56
946,QTR1716,VVPQ,VVTS,B777,20:58
947,BBA1451,VVTS,RKSI,B737,21:00
948,SIA3268,VVTS,VVPQ,B789,21:03
949,QTR719,VVTS,VVBM,A330,21:05
950,KAL8218,WMKK,VVTS,A321,21:05
951,VAG3145,VVTH,VVTS,B777,21:05
952,HVN7810,RPLL,VVTS,A330,21:06
953,HVN1354,VVTS,VVBM,A330,21:07
954,QTR952,VVTS,VVNB,B789,21:09
955,BBA7708,VVDN,VVTS,A359,21:10
956,HVN3869,VVTS,VVTH,B737,21:11
957,VAG3701,VVTS,WSSS,B789,21:11
958,HVN3540,VVBM,VVTS,A359,21:13
959,SIA3123,VVTS,RKSI,B737,21:14
960,HVN3108,VVBM,VVTS,A359,21:14
961,QTR1167,VVTS,VVTH,A321,21:14
962,CPA8474,VVTH,VVTS,A359,21:18
963,QTR1830,VVTS,WMKK,A359,21:18
964,QTR9120,VVCI,VVTS,A321,21:19
965,BBA7491,VTBS,VVTS,A330,21:19
966,VJC2406,VVTS,VVBM,A321,21:19
967,VJC5691,WMKK,VVTS,A320,21:21
968,CPA7989,WMKK,VVTS,A320,21:24
969,KAL4819,VVCI,VVTS,B777,21:25
970,KAL2664,VVTS,VVTH,A359,21:26
971,QTR2977,VVTS,VVNB,B789,21:27
972,VAG3334,VVTS,VVNB,A359,21:27
973,VAG8214,RPLL,VVTS,B789,21:27
974,VAG8316,VVPQ,VVTS,A320,21:28
975,VJC3407,VVDL,VVTS,A321,21:29
976,KAL1639,RKSI,VVTS,B777,21:30
977,HVN489,VVTS,WMKK,A330,21:32
978,QTR4391,VVNB,VVTS,B789,21:32
979,SIA300,VVTS,VVPQ,A330,21:33
980,BBA5214,VTBS,VVTS,A321,21:35
981,VJC2471,VHHH,VVTS,A321,21:36
982,KAL115,VVTS,VVCR,A320,21:37
983,SIA9908,VTBS,VVTS,A321,21:38
984,VAG8472,VVPQ,VVTS,A320,21:39
985,VJC2768,VVCI,VVTS,A321,21:40
986,SIA2941,VVNB,VVTS,A330,21:46
987,VJC2775,VVTS,VVNB,A321,21:48
988,KAL2865,VVTS,RKSI,A359,21:49
989,CPA2478,RPLL,VVTS,B737,21:51
990,VAG2660,WSSS,VVTS,B777,21:54
991,VJC3728,VVTS,VVDL,A330,21:54
992,QTR1967,VVTS,VHHH,A321,21:55
993,HVN9879,WMKK,VVTS,B789,21:55
994,KAL3617,VHHH,VVTS,A320,21:55
995,BBA436,VVTS,VTBS,A321,21:56
996,VJC3382,VVTS,VVCI,B789,21:57
997,SIA1696,VVTS,VVTH,B777,21:57
998,BBA2265,VVTS,VVBM,A359,21:58
999,HVN218,VVCR,VVTS,A320,21:58
1000,HVN5371,VVBM,VVTS,A359,21:58
1001,CPA1518,VVTS,VVBM,B789,21:59
1002,VAG215,VVTS,VVCR,A359,22:01
1003,VJC9922,VVCI,VVTS,B737,22:02
1004,BBA2564,VVTS,VVNB,B777,22:03
1005,VAG1944,VVTS,VVPQ,B789,22:04
1006,KAL2772,VVPQ,VVTS,A359,22:04
1007,KAL1955,VVTS,VVDN,A320,22:09
1008,SIA4867,VVNB,VVTS,B777,22:10
1009,VJC5144,VHHH,VVTS,B737,22:11
1010,VAG6518,VVPQ,VVTS,B789,22:12
1011,VJC1948,VVTS,VVBM,A321,22:13
1012,SIA2988,VVTS,RPLL,B789,22:15
1013,VJC2379,VVTS,VVTH,A330,22:16
1014,BBA3920,WSSS,VVTS,B789,22:16
1015,QTR785,VVTS,VVBM,A321,22:17
1016,CPA6657,VVTH,VVTS,A320,22:20
1017,VJC6290,VVDL,VVTS,A330,22:20
1018,BBA2210,VVTS,VVTH,A320,22:21
1019,KAL2970,RKSI,VVTS,B789,22:23
1020,VAG5610,VVDL,VVTS,B737,22:24
1021,KAL3247,VVTS,VHHH,A359,22:25
1022,VAG2602,VVTS,VVDL,A321,22:26
1023,KAL1266,VVTS,VVCR,B789,22:27
1024,VAG1759,VVTS,WSSS,A320,22:27
1025,QTR3269,VVTH,VVTS,A321,22:28
1026,VAG3411,VVTS,WMKK,A321,22:29
1027,VJC3206,VVTS,VVBM,B777,22:32
1028,VAG6352,VVTH,VVTS,B789,22:36
1029,CPA3021,VVTS,RPLL,A321,22:37
1030,KAL6305,VVDL,VVTS,A320,22:37
1031,SIA931,VVTS,RPLL,B737,22:40
1032,CPA6273,RPLL,VVTS,B737,22:41
1033,KAL3802,VVTS,VTBS,B789,22:43
1034,QTR1674,VVCI,VVTS,A321,22:43
1035,QTR2300,WMKK,VVTS,A359,22:44
1036,CPA3968,WSSS,VVTS,B789,22:46
1037,CPA3379,VHHH,VVTS,A320,22:46
1038,HVN4155,RPLL,VVTS,A321,22:46
1039,KAL9027,VVCI,VVTS,A320,22:47
1040,BBA4141,VVCI,VVTS,B777,22:47
1041,QTR2196,VVTH,VVTS,A330,22:48
1042,CPA3998,VVNB,VVTS,A330,22:50
1043,KAL2691,VVTS,VTBS,A320,22:53
1044,QTR1831,VVTS,VVCR,A321,22:53
1045,VAG7287,VVCR,VVTS,A321,22:53
1046,BBA9806,VVBM,VVTS,B789,22:53
1047,VJC1632,VVTS,VVBM,A321,22:54
1048,SIA7042,WSSS,VVTS,B789,22:54
1049,QTR603,VVTS,VVCR,B777,22:55
1050,CPA1681,VVTS,VTBS,A330,22:55
1051,CPA1293,VVTS,VVNB,A321,22:56
1052,CPA2997,VVTS,VVCR,A321,22:58
1053,KAL2419,VVNB,VVTS,B777,22:59
1054,QTR4826,VVCI,VVTS,B737,22:59
1055,CPA155,VVTS,VVDL,B789,23:01
1056,SIA3643,VVTS,RKSI,A321,23:02
1057,VAG3713,VVTS,VVTH,A321,23:03
1058,SIA9207,VVDL,VVTS,A330,23:03
1059,VAG837,VVTS,VVTH,B777,23:04
1060,BBA2818,VVTS,VVCR,A321,23:04
1061,QTR9628,VHHH,VVTS,A321,23:06
1062,CPA7375,RKSI,VVTS,A321,23:09
1063,VJC7445,VVBM,VVTS,B737,23:11
1064,SIA2486,VVTS,VVDL,B777,23:11
1065,SIA3719,VVTS,VVDL,A321,23:12
1066,VJC2990,VVTS,RPLL,B789,23:12
1067,BBA6830,VVDN,VVTS,A330,23:12
1068,QTR2762,VVTS,WMKK,A359,23:13
1069,CPA2013,VVTS,VTBS,B777,23:14
1070,VAG9797,VVPQ,VVTS,A321,23:14
1071,KAL3692,VVTS,VVDL,A321,23:16
1072,VAG6234,WSSS,VVTS,A330,23:17
1073,SIA229,VVTS,RPLL,A330,23:17
1074,VAG5769,VTBS,VVTS,A330,23:18
1075,VJC9205,WMKK,VVTS,A359,23:18
1076,BBA1958,VVBM,VVTS,A321,23:19
1077,QTR1436,VVTS,VVDL,B737,23:20
1078,HVN8745,VVPQ,VVTS,A320,23:20
1079,VAG438,VVTS,VVCI,B777,23:22
1080,CPA3515,VVTS,WMKK,A359,23:22
1081,KAL4928,VVDN,VVTS,B737,23:22
1082,BBA3567,VVTS,VVTH,B789,23:22
1083,BBA5082,RPLL,VVTS,A321,23:23
1084,VJC3233,VVTS,VVCR,B777,23:23
1085,VAG5838,VVCI,VVTS,A320,23:24
1086,BBA8895,WSSS,VVTS,B777,23:25
1087,SIA1893,VVTS,VTBS,A320,23:27
1088,QTR6811,RKSI,VVTS,A359,23:27
1089,VJC1901,VVTS,WSSS,B789,23:27
1090,VAG7472,RKSI,VVTS,A359,23:29
1091,HVN1420,VVTS,VVCI,B737,23:32
1092,SIA9557,WSSS,VVTS,B737,23:33
1093,KAL4466,VVDL,VVTS,A330,23:35
1094,SIA298,VHHH,VVTS,B737,23:38
1095,VJC6758,VVNB,VVTS,A359,23:38
1096,VJC1614,VVTS,VHHH,A321,23:38
1097,VJC6254,VVNB,VVTS,A330,23:39
1098,VAG6819,WSSS,VVTS,A320,23:39
1099,VAG8936,VVBM,VVTS,A359,23:40
1100,HVN7520,VVDL,VVTS,A359,23:41
1101,SIA9786,RKSI,VVTS,A321,23:41
1102,CPA7277,VVDL,VVTS,A359,23:42
1103,KAL7215,RKSI,VVTS,B789,23:44
1104,BBA2871,VVTS,RKSI,A320,23:44
1105,HVN2129,VVTS,RKSI,A321,23:44
1106,KAL2606,VVTS,RKSI,A330,23:45
1107,CPA1115,VVTS,VVBM,B777,23:46
1108,VAG3238,VVTS,VVBM,A321,23:47
1109,BBA7649,VVCI,VVTS,A321,23:49
1110,BBA8859,WSSS,VVTS,B737,23:49
1111,VJC1273,VVTS,VVDL,A359,23:54
